DAYNUM,NTOT,NLOW,WSPD,WDIR,WMAX,PP,T,WVP,HUM,PST,PSEA
"1",7.82,7.35454545454545,209.927272727273,3.50727272727273,NA,1.68181818181818,-7.26909090909091,3.54,NA,1012.39431486939,NA
"2",8.05090909090909,7.64727272727273,184.018181818182,3.44909090909091,NA,1.17090909090909,-7.52909090909091,3.36909090909091,NA,1011.97625510204,NA
"3",7.98181818181818,7.55454545454545,187.509090909091,3.05454545454545,NA,1.56909090909091,-7.71454545454545,3.38545454545455,NA,1012.09691878571,NA
"4",8.30909090909091,7.95454545454546,182.545454545455,3.12,NA,1.58727272727273,-7.59090909090909,3.46181818181818,NA,1011.96794216327,NA
"5",8.31272727272727,7.88727272727273,204.509090909091,3.26545454545455,NA,1.01818181818182,-7.25090909090909,3.43090909090909,NA,1011.62678571429,NA
"6",7.98727272727273,7.77090909090909,206.763636363636,3.45454545454545,NA,1.71818181818182,-8.33636363636364,3.29454545454545,NA,1011.89115646939,NA
"7",7.12181818181818,6.86909090909091,195.581818181818,3.11636363636364,NA,1.28363636363636,-9.17454545454545,3.14727272727273,NA,1015.37840136735,NA
"8",7.71272727272727,7.42,193.581818181818,3.31454545454545,NA,1.76545454545455,-9.03636363636364,3.18,NA,1015.61921769388,NA
"9",8.31090909090909,7.88545454545455,191.963636363636,3.14909090909091,NA,1.35454545454545,-7.88363636363636,3.40727272727273,NA,1013.57158715306,NA
"10",8.03090909090909,7.6,193.981818181818,3.17454545454545,NA,0.885454545454545,-8.12363636363636,3.30909090909091,NA,1013.76479591837,NA
"11",7.95090909090909,7.53818181818182,192.818181818182,3.22727272727273,NA,1.21454545454545,-8.24909090909091,3.32,NA,1013.60153061224,NA
"12",8.02909090909091,7.64,200.854545454545,3.54,NA,0.970909090909091,-8.46727272727273,3.26,NA,1015.42349367551,NA
"13",7.87454545454545,7.41636363636364,198.672727272727,3.53090909090909,NA,1.55090909090909,-8.16727272727273,3.17454545454545,NA,1015.60504890816,NA
"14",8.11818181818182,7.58727272727273,201.763636363636,3.49636363636364,NA,1.00909090909091,-7.61090909090909,3.35454545454545,NA,1015.13299320408,NA
"15",8.16,7.77454545454545,196.4,3.31818181818182,NA,1.17454545454545,-7.66181818181818,3.38545454545455,NA,1014.14081632653,NA
"16",8.18363636363636,7.92727272727273,209.563636363636,3.24909090909091,NA,1.47272727272727,-7.69454545454545,3.40545454545455,NA,1014.08392857143,NA
"17",7.60363636363636,7.26909090909091,207.490909090909,3.18909090909091,NA,0.887272727272727,-8.65272727272727,3.10363636363636,NA,1016.22295918367,NA
"18",7.29818181818182,6.87636363636364,195.727272727273,3.19272727272727,NA,0.787272727272727,-9.08181818181818,2.99272727272727,NA,1017.36743197959,NA
"19",7.30727272727273,6.78727272727273,189.636363636364,2.87090909090909,NA,0.907272727272727,-10.0381818181818,2.92363636363636,NA,1018.06598638776,NA
"20",7.76,7.39818181818182,194.436363636364,3.02727272727273,NA,0.930909090909091,-10.1145454545455,2.79454545454545,NA,1019.04982993878,NA
"21",7.88909090909091,7.32181818181818,189.109090909091,3.03090909090909,NA,1.13272727272727,-9.51090909090909,2.84545454545455,NA,1018.722449,NA
"22",7.69818181818182,7.32181818181818,184.145454545455,3.08545454545455,NA,1.05272727272727,-9.8,2.93454545454545,NA,1018.06615644898,NA
"23",7.63454545454545,7.21818181818182,200.218181818182,3.21272727272727,NA,0.923636363636364,-9.70181818181818,2.86,NA,1016.71267006122,NA
"24",7.51818181818182,7.23454545454545,192.381818181818,3.16181818181818,NA,1.07636363636364,-9.08727272727273,3.00545454545455,NA,1015.44957483673,NA
"25",8.29454545454545,7.85272727272727,181.145454545455,3.29636363636364,NA,1.30909090909091,-8.68909090909091,3.02727272727273,NA,1014.04515306122,NA
"26",7.85272727272727,7.3,192.472727272727,3.43090909090909,NA,1.15090909090909,-8.24363636363636,3.14727272727273,NA,1011.75017006122,NA
"27",7.83636363636364,7.18363636363636,176.872727272727,3.00545454545455,NA,1.76363636363636,-9.10363636363636,3.05272727272727,NA,1012.31207483673,NA
"28",7.52909090909091,7.02909090909091,191.054545454545,2.93090909090909,NA,1.31636363636364,-8.84,3.10909090909091,NA,1009.70987610204,NA
"29",7.90545454545455,7.48727272727273,184.709090909091,3.20181818181818,NA,1.41454545454545,-9.10363636363636,2.99454545454545,NA,1013.68106171429,NA
"30",7.22545454545455,6.58909090909091,182.563636363636,3.32363636363636,NA,1.05636363636364,-9.64,2.88,NA,1015.32619046939,NA
"31",7.65818181818182,7.17636363636364,190.254545454545,3.62727272727273,NA,1.49636363636364,-9.37454545454545,2.98545454545455,NA,1014.41471087755,NA
"32",7.57818181818182,7.00909090909091,177.981818181818,3.14181818181818,NA,1.40181818181818,-9.08363636363636,2.93818181818182,NA,1015.10034012245,NA
"33",6.85272727272727,6.34545454545455,191.018181818182,3.52181818181818,NA,1.30545454545455,-9.13818181818182,2.98,NA,1015.38384353061,NA
"34",6.99272727272727,6.26727272727273,192.290909090909,3.22909090909091,NA,0.810909090909091,-9.32181818181818,2.92181818181818,NA,1015.63306122449,NA
"35",7.50909090909091,6.64363636363636,186,3.24363636363636,NA,1.26727272727273,-8.57636363636364,3.03272727272727,NA,1014.09345238776,NA
"36",7.74,7.17818181818182,195.381818181818,3.38363636363636,NA,1.24909090909091,-7.91272727272727,3.17454545454545,NA,1012.20705781633,NA
"37",7.58545454545455,6.78363636363636,183.818181818182,3.05454545454545,NA,1.05454545454545,-8.27818181818182,3.17090909090909,NA,1011.80977889796,NA
"38",7.40363636363636,6.82,179.309090909091,3.27818181818182,NA,1.13090909090909,-8.83818181818182,3.05818181818182,NA,1011.61156461224,NA
"39",7.51636363636364,7.06,181.909090909091,3.43454545454545,NA,1.09090909090909,-8.68363636363636,3.16363636363636,NA,1011.52756317551,NA
"40",7.44,6.91090909090909,186.709090909091,3.41272727272727,NA,1.18727272727273,-8.44727272727273,3.19818181818182,NA,1011.74574830612,NA
"41",6.72,6.26181818181818,195.890909090909,2.83454545454545,NA,1.32,-9.10545454545455,2.99090909090909,NA,1014.94848154286,NA
"42",6.80181818181818,6.06181818181818,186.054545454545,2.7,NA,0.916363636363636,-9.59090909090909,2.86727272727273,NA,1016.88605442857,NA
"43",7.47090909090909,6.84,180.381818181818,2.86909090909091,NA,1.09636363636364,-9.55454545454545,2.94181818181818,NA,1015.81506802041,NA
"44",7.47454545454545,6.89454545454545,177.2,2.88545454545455,NA,1.16,-8.75818181818182,3.09818181818182,NA,1014.84889455714,NA
"45",7.74727272727273,7.38,168.4,3.24,NA,1.58909090909091,-7.96545454545455,3.23272727272727,NA,1016.31292518367,NA
"46",7.33636363636364,6.87090909090909,168.181818181818,2.90727272727273,NA,1.67818181818182,-8.48545454545455,3.08,NA,1017.73197279592,NA
"47",7.24909090909091,6.73454545454545,186.690909090909,3.22,NA,1.42727272727273,-8.26,2.96,NA,1016.11232993878,NA
"48",7.36,6.56,199.581818181818,3.01090909090909,NA,1.33636363636364,-8.08727272727273,2.98909090909091,NA,1015.02797618367,NA
"49",7.61272727272727,7.02909090909091,184.018181818182,2.83272727272727,NA,1.27636363636364,-8.20727272727273,2.99636363636364,NA,1015.53554422449,NA
"50",6.78545454545455,6.21454545454545,177.690909090909,2.58545454545455,NA,1.59090909090909,-8.23818181818182,3.01090909090909,NA,1015.47074830612,NA
"51",6.36545454545455,5.75818181818182,168.981818181818,2.48727272727273,NA,0.716363636363636,-8.72727272727273,2.86,NA,1017.33673469388,NA
"52",7.19818181818182,6.74363636363636,165.854545454545,2.55818181818182,NA,1.26545454545455,-8.12909090909091,3.12545454545455,NA,1017.06394559184,NA
"53",7.19454545454545,6.63272727272727,199.236363636364,3.22,NA,1.41818181818182,-6.76909090909091,3.40363636363636,NA,1016.30459183673,NA
"54",6.86909090909091,6.41818181818182,180.618181818182,3.20909090909091,NA,0.869090909090909,-6.93636363636364,3.35090909090909,NA,1017.17888727143,NA
"55",6.86,6.25818181818182,195.781818181818,3.18727272727273,NA,1.03818181818182,-6.15454545454545,3.47818181818182,NA,1017.92253402041,NA
"56",6.73090909090909,6.12181818181818,185.090909090909,2.79818181818182,NA,0.587272727272727,-6.32181818181818,3.39636363636364,NA,1018.80408163265,NA
"57",6.10181818181818,5.48363636363636,163.2,2.79272727272727,NA,1.02363636363636,-6.83636363636364,3.27636363636364,NA,1017.99090134694,NA
"58",6.68363636363636,6.07818181818182,151.927272727273,3.04545454545455,NA,0.770909090909091,-6.67272727272727,3.24,NA,1017.419983,NA
"59",7.49818181818182,6.77272727272727,180.563636363636,3.37636363636364,NA,0.945454545454545,-5.93454545454545,3.41454545454545,NA,1015.49047618367,NA
"60",6.92727272727273,6.34363636363636,171.836363636364,3.3,NA,1.35636363636364,-5.65090909090909,3.48,NA,1014.5156341102,NA
"61",7.20727272727273,6.74545454545455,174.290909090909,3.08181818181818,NA,1.24,-4.86727272727273,3.85636363636364,NA,1014.23384355102,NA
"62",7.54181818181818,6.94,156.872727272727,3.05090909090909,NA,1.08363636363636,-5.04909090909091,3.76727272727273,NA,1014.0787414898,NA
"63",7.13272727272727,6.51636363636364,146.818181818182,2.90545454545455,NA,1.08727272727273,-4.79454545454545,3.68909090909091,NA,1015.36403061224,NA
"64",7.61818181818182,7.17272727272727,150.436363636364,3.05090909090909,NA,1.10909090909091,-4.33454545454545,3.90181818181818,NA,1014.97397959184,NA
"65",7.08,6.69090909090909,179.163636363636,3.13090909090909,NA,0.909090909090909,-4.50181818181818,3.75454545454545,NA,1016.65664965306,NA
"66",6.95454545454546,6.43454545454545,165.690909090909,2.98727272727273,NA,0.450909090909091,-4.54909090909091,3.68363636363636,NA,1017.02789116327,NA
"67",6.59090909090909,6.02181818181818,198.254545454545,3.32545454545455,NA,0.732727272727273,-4.77818181818182,3.59818181818182,NA,1017.15360787755,NA
"68",6.44363636363636,5.54909090909091,186.145454545455,2.68909090909091,NA,0.665454545454545,-4.64,3.59090909090909,NA,1018.08824101224,NA
"69",6.11090909090909,5.46909090909091,194.309090909091,3.07636363636364,NA,0.614545454545455,-3.91818181818182,3.73272727272727,NA,1017.22267977551,NA
"70",6.63090909090909,5.58909090909091,184.963636363636,3.19090909090909,NA,0.821818181818182,-3.90181818181818,3.65272727272727,NA,1016.81505102041,NA
"71",6.86727272727273,5.80545454545455,185.345454545455,3.08727272727273,NA,1.07454545454545,-3.55818181818182,3.79454545454545,NA,1016.02219387755,NA
"72",7.31090909090909,6.55090909090909,182.836363636364,2.89272727272727,NA,0.849090909090909,-2.57272727272727,4.07090909090909,NA,1015.67569242857,NA
"73",6.77090909090909,6.13636363636364,189.527272727273,3.46363636363636,NA,0.809090909090909,-2.29454545454545,4.14909090909091,NA,1015.75433672653,NA
"74",6.39454545454545,5.78181818181818,197.909090909091,3.32909090909091,NA,1.47636363636364,-2.45090909090909,4.05636363636364,NA,1016.49829931224,NA
"75",6.08727272727273,5.30727272727273,185.709090909091,2.89636363636364,NA,1.20363636363636,-2.96727272727273,3.88,NA,1015.75388726327,NA
"76",6.32909090909091,5.43454545454545,189.545454545455,2.80181818181818,NA,1.11272727272727,-3.25818181818182,3.93454545454545,NA,1014.70496842857,NA
"77",7.12363636363636,6.49090909090909,190.145454545455,2.66363636363636,NA,1.28363636363636,-2.42545454545455,4.21818181818182,NA,1012.21011906122,NA
"78",6.65454545454545,5.78727272727273,200.636363636364,2.95454545454545,NA,0.887272727272727,-2.42545454545455,4.16727272727273,NA,1012.13494897959,NA
"79",7.05636363636364,6.22181818181818,174.727272727273,2.84727272727273,NA,1.26363636363636,-2.16727272727273,4.33454545454545,NA,1011.42763604898,NA
"80",6.66545454545455,5.64363636363636,196.072727272727,3.16181818181818,NA,1.11090909090909,-2.24727272727273,4.12545454545455,NA,1012.18979590408,NA
"81",6.31090909090909,5.25272727272727,192.454545454545,3.21818181818182,NA,0.892727272727273,-2.17090909090909,4.24545454545455,NA,1012.81020408163,NA
"82",5.89090909090909,4.92363636363636,182.527272727273,2.87818181818182,NA,0.432727272727273,-1.89818181818182,4.11090909090909,NA,1013.36556122449,NA
"83",6.57272727272727,5.61818181818182,185.763636363636,3.56363636363636,NA,1.25272727272727,-1.06727272727273,4.41454545454545,NA,1012.30581874898,NA
"84",5.97454545454545,5.24727272727273,179.436363636364,3.06,NA,1.03636363636364,-0.863636363636364,4.34363636363636,NA,1012.75092323265,NA
"85",6.69454545454545,5.77454545454545,173.854545454545,2.97272727272727,NA,1.25272727272727,-0.563636363636364,4.70181818181818,NA,1012.54109571429,NA
"86",5.72181818181818,5.15090909090909,168.181818181818,2.80363636363636,NA,1.47818181818182,-0.245454545454545,4.54545454545455,NA,1013.27619046939,NA
"87",6.36,5.61818181818182,187.309090909091,3.22181818181818,NA,0.761818181818182,0.0109090909090909,4.61090909090909,NA,1013.5224368449,NA
"88",6.37636363636364,5.67090909090909,173.054545454545,3.37636363636364,NA,1.07272727272727,0.556363636363636,4.86909090909091,NA,1013.46130953061,NA
"89",6.83454545454545,6.04909090909091,184.290909090909,3.34545454545455,NA,0.9,0.789090909090909,4.91818181818182,NA,1014.16230563061,NA
"90",6.82363636363636,6.06727272727273,189.872727272727,2.99090909090909,NA,1.66,1.12,5.24363636363636,NA,1013.51989795918,NA
"91",6.72181818181818,6.02181818181818,163.345454545455,3.05090909090909,NA,1.23090909090909,1.63090909090909,5.32363636363636,NA,1012.27074830612,NA
"92",7.14363636363636,6.48545454545455,167.072727272727,3.17818181818182,NA,1.44727272727273,1.48727272727273,5.27818181818182,NA,1011.46181973469,NA
"93",6.45636363636364,5.89272727272727,179.036363636364,3.17090909090909,NA,1.08181818181818,2.10363636363636,5.22181818181818,NA,1010.73992955714,NA
"94",6.75818181818182,5.80909090909091,174.927272727273,3.15818181818182,NA,0.898181818181818,3.01636363636364,5.61090909090909,NA,1013.12212097143,NA
"95",6.50181818181818,5.81818181818182,187.545454545455,2.95272727272727,NA,1.25090909090909,2.75272727272727,5.48727272727273,NA,1013.13500971224,NA
"96",6.98727272727273,6.20909090909091,166.963636363636,2.54545454545455,NA,1.08727272727273,2.84363636363636,5.50363636363636,NA,1013.67821915102,NA
"97",7.23636363636364,6.59818181818182,157.090909090909,3.01090909090909,NA,1.32363636363636,3.18363636363636,5.77454545454545,NA,1011.73265306122,NA
"98",6.59454545454545,5.87636363636364,173.054545454545,2.75818181818182,NA,1.58909090909091,3.61636363636364,5.90545454545455,NA,1011.28205783061,NA
"99",6.54,5.85090909090909,172.327272727273,2.88727272727273,NA,2.00545454545455,3.66727272727273,6.05454545454545,NA,1011.36369046939,NA
"100",5.84,5.06363636363636,175.272727272727,2.72363636363636,NA,1.35272727272727,3.68545454545455,5.9,NA,1012.65289114286,NA
"101",6.19636363636364,5.20909090909091,175.2,2.92727272727273,NA,1.04545454545455,4.58,6.09818181818182,NA,1012.68051506939,NA
"102",6.39636363636364,5.39272727272727,172.636363636364,2.88181818181818,NA,1.91818181818182,4.88545454545455,6.26545454545455,NA,1011.38532555918,NA
"103",6.21454545454545,5.61454545454545,166.745454545455,2.51090909090909,NA,1.51272727272727,4.52909090909091,6.03818181818182,NA,1012.08420796122,NA
"104",6.91454545454545,6.26363636363636,171.563636363636,2.85454545454545,NA,2.57636363636364,4.58181818181818,6.33454545454545,NA,1011.40799318367,NA
"105",6.98727272727273,6.30727272727273,192.545454545455,2.96545454545455,NA,1.49272727272727,5.14181818181818,6.45272727272727,NA,1012.08477891837,NA
"106",6.88181818181818,6.03090909090909,176.854545454545,2.83090909090909,NA,1.26,5.11818181818182,6.48727272727273,NA,1012.49386541633,NA
"107",5.94909090909091,4.89454545454545,176.290909090909,2.59636363636364,NA,0.614545454545455,5.62363636363636,6.52545454545455,NA,1010.58684402245,NA
"108",6.23090909090909,5.44,175.036363636364,2.99636363636364,NA,0.810909090909091,6.50727272727273,6.76181818181818,NA,1012.57989795918,NA
"109",6.51818181818182,5.86727272727273,184.8,3.01818181818182,NA,1.57818181818182,6.58363636363636,6.94909090909091,NA,1011.84918610408,NA
"110",6.47454545454545,5.69636363636364,201.490909090909,3.12545454545455,NA,1.16909090909091,6.34545454545455,6.61818181818182,NA,1011.77309522449,NA
"111",6.76727272727273,6.08,191.654545454545,3.09636363636364,NA,1.39090909090909,6.20181818181818,6.57272727272727,NA,1013.23737851633,NA
"112",6.10545454545455,5.43454545454545,167,2.68181818181818,NA,0.770909090909091,6.63636363636364,6.6,NA,1014.05700923878,NA
"113",7.02545454545455,5.94909090909091,181.181818181818,2.97818181818182,NA,1.08727272727273,7.11818181818182,6.90727272727273,NA,1012.82414965306,NA
"114",6.73272727272727,5.55090909090909,175.072727272727,2.70363636363636,NA,1.40181818181818,7.93090909090909,7.22727272727273,NA,1012.31071428571,NA
"115",6.44545454545455,5.59454545454545,174.072727272727,2.58363636363636,NA,0.647272727272727,8.41818181818182,7.25636363636364,NA,1013.02015306735,NA
"116",5.91636363636364,4.96909090909091,180.090909090909,2.7,NA,1.26545454545455,8.62,7.31090909090909,NA,1012.86003402041,NA
"117",6.21090909090909,5.43090909090909,179.545454545455,2.79454545454545,NA,1.12545454545455,8.47272727272727,7.46545454545455,NA,1012.86428571429,NA
"118",6.54727272727273,5.54363636363636,188.363636363636,2.72363636363636,NA,1.26,8.94363636363636,7.71818181818182,NA,1012.69022108163,NA
"119",6.16181818181818,5.23272727272727,184,2.93818181818182,NA,1.61272727272727,9.22,7.58545454545455,NA,1012.54991495918,NA
"120",5.53818181818182,4.62,181.363636363636,2.94181818181818,NA,0.923636363636364,9.31272727272727,7.64363636363636,NA,1013.45453110408,NA
"121",5.33636363636364,4.57636363636364,182.2,2.81454545454545,NA,0.930909090909091,9.5,7.52727272727273,NA,1013.31127308776,NA
"122",5.62363636363636,4.96363636363636,191.072727272727,3.21272727272727,NA,1.48727272727273,9.54909090909091,7.74,NA,1012.89431486939,NA
"123",5.67272727272727,4.74,197.490909090909,2.88363636363636,NA,1.58545454545455,9.68181818181818,7.96363636363636,NA,1012.74890670612,NA
"124",5.71818181818182,4.97090909090909,178.109090909091,2.93090909090909,NA,1.56,10.3781818181818,7.84909090909091,NA,1012.87729591837,NA
"125",5.54909090909091,4.75454545454545,182.381818181818,2.5,NA,2.46181818181818,10.8690909090909,8.39636363636364,NA,1013.49217687755,NA
"126",5.56181818181818,4.49090909090909,169.563636363636,2.63272727272727,NA,1.08,11.6581818181818,8.66909090909091,NA,1013.84040816327,NA
"127",6.08181818181818,5.21090909090909,163.4,2.69272727272727,NA,1.26181818181818,12.0745454545455,8.97636363636364,NA,1013.37295918367,NA
"128",6.48181818181818,5.46,171.581818181818,2.41636363636364,NA,1.68181818181818,12,9.27454545454546,NA,1013.01658163265,NA
"129",6.08363636363636,5.05090909090909,176.545454545455,2.43818181818182,NA,1.88181818181818,12.2163636363636,9.43818181818182,NA,1012.8165451898,NA
"130",6.25454545454545,5.32181818181818,171.890909090909,2.72727272727273,NA,3.15818181818182,12.0345454545455,9.46909090909091,NA,1012.64132653061,NA
"131",5.90363636363636,5.19636363636364,162.345454545455,2.54909090909091,NA,1.03272727272727,12.0345454545455,9.33272727272727,NA,1013.10136055102,NA
"132",5.87272727272727,5.11454545454545,153.290909090909,2.34,NA,2.65272727272727,11.7363636363636,9.27272727272727,NA,1013.53928571429,NA
"133",5.97272727272727,5.12909090909091,167.527272727273,2.91454545454545,NA,2.64363636363636,11.5145454545455,9.25090909090909,NA,1013.27219387755,NA
"134",6.45454545454545,5.78909090909091,172.981818181818,2.9,NA,1.72909090909091,11.1890909090909,9.21636363636364,NA,1012.99362244898,NA
"135",6.72,5.86545454545455,171.509090909091,2.72727272727273,NA,1.35636363636364,12.0109090909091,9.68545454545455,NA,1012.06113944898,NA
"136",6.22181818181818,5.40727272727273,188.963636363636,2.96363636363636,NA,1.24181818181818,12.4927272727273,9.98,NA,1011.77219387755,NA
"137",6.26181818181818,5.31818181818182,185.690909090909,2.63272727272727,NA,2.01636363636364,12.7036363636364,10.3818181818182,NA,1012.63946793878,NA
"138",5.81454545454545,4.73272727272727,179.6,2.78727272727273,NA,1.06545454545455,13.4181818181818,10.4690909090909,NA,1013.0931122449,NA
"139",5.74,4.66363636363636,174.163636363636,2.55454545454545,NA,2.12727272727273,13.2163636363636,10.2727272727273,NA,1013.3537414898,NA
"140",6.11454545454545,5.44363636363636,183.345454545455,2.71636363636364,NA,2.19454545454545,13.1181818181818,10.58,NA,1012.64209183673,NA
"141",6.38363636363636,5.56181818181818,181.8,2.45454545454545,NA,2.02181818181818,13.1727272727273,10.5945454545455,NA,1011.90306122449,NA
"142",6.53636363636364,5.65272727272727,176.727272727273,2.4,NA,2.94727272727273,12.8309090909091,10.5690909090909,NA,1011.47526726531,NA
"143",6.27090909090909,5.47454545454545,180.4,2.37090909090909,NA,1.59090909090909,12.9381818181818,10.6363636363636,NA,1012.49107142857,NA
"144",6.11818181818182,5.36909090909091,169.545454545455,2.11090909090909,NA,2.58363636363636,13.1181818181818,11.0290909090909,NA,1012.81096938776,NA
"145",5.71454545454545,4.97818181818182,171.927272727273,2.29090909090909,NA,1.58909090909091,13.5036363636364,10.6636363636364,NA,1013.17678571429,NA
"146",6.06545454545455,5.45090909090909,173.454545454545,2.36363636363636,NA,2.10545454545455,13.3254545454545,10.7436363636364,NA,1013.28392857143,NA
"147",6.07818181818182,5.28727272727273,161.527272727273,2.51272727272727,NA,2.37090909090909,13.7309090909091,10.7509090909091,NA,1012.89710883673,NA
"148",5.98363636363636,4.97818181818182,178.254545454545,2.46545454545455,NA,0.876363636363636,14.4927272727273,10.9418181818182,NA,1012.11198979592,NA
"149",5.76727272727273,4.94,172.490909090909,2.43090909090909,NA,1.42,14.8,11.3109090909091,NA,1011.96989795918,NA
"150",5.69818181818182,5.01272727272727,153.581818181818,2.30727272727273,NA,3.40363636363636,14.9727272727273,11.5909090909091,NA,1012.14974489796,NA
"151",6.47090909090909,5.56363636363636,154.818181818182,2.25090909090909,NA,2.64545454545455,14.5018181818182,12,NA,1011.63860544898,NA
"152",6.39454545454545,5.46727272727273,164.254545454545,2.60363636363636,NA,2.10363636363636,14.7872727272727,11.8163636363636,NA,1011.12474489796,NA
"153",6.22909090909091,5.36363636363636,169.818181818182,2.41090909090909,NA,1.78181818181818,14.5781818181818,11.3290909090909,NA,1012.1959499449,NA
"154",5.98727272727273,5.04545454545455,166.836363636364,2.48909090909091,NA,2.83818181818182,14.8872727272727,11.7090909090909,NA,1012.76115161224,NA
"155",6.12545454545455,5.11090909090909,178.963636363636,2.66181818181818,NA,2.78727272727273,14.7145454545455,11.82,NA,1012.39464285714,NA
"156",6.14,5.41454545454545,188.290909090909,2.69636363636364,NA,2.11090909090909,15.0618181818182,11.9509090909091,NA,1011.98724489796,NA
"157",5.91272727272727,4.94363636363636,152.781818181818,2.23272727272727,NA,3.04,15.2490909090909,11.9945454545455,NA,1012.31556122449,NA
"158",5.9,4.81454545454545,178.672727272727,2.33636363636364,NA,1.84545454545455,15.6454545454545,12.1818181818182,NA,1012.73545918367,NA
"159",6.06545454545455,5.14181818181818,180.672727272727,2.17090909090909,NA,2.09818181818182,15.8490909090909,12.7109090909091,NA,1012.43214285714,NA
"160",5.91454545454545,4.92181818181818,183.581818181818,2.31272727272727,NA,1.87090909090909,15.9963636363636,13.1690909090909,NA,1010.93469387755,NA
"161",6.49454545454545,5.65636363636364,181.109090909091,2.39454545454545,NA,2.81636363636364,16.0036363636364,13.4509090909091,NA,1010.32346938776,NA
"162",6.50909090909091,5.58545454545455,178.418181818182,2.54181818181818,NA,2.81454545454545,16.0418181818182,13.4418181818182,NA,1010.12193877551,NA
"163",6.42363636363636,5.47636363636364,186.654545454545,2.37818181818182,NA,2.41818181818182,16.1963636363636,13.2854545454545,NA,1010.32953110408,NA
"164",6.54363636363636,5.56363636363636,182.472727272727,2.34181818181818,NA,2.76727272727273,16.3145454545455,13.4563636363636,NA,1009.63707483673,NA
"165",6.60727272727273,5.68727272727273,194.963636363636,2.74545454545455,NA,2.69818181818182,15.9090909090909,13.0945454545455,NA,1008.79172740612,NA
"166",6.39636363636364,5.49818181818182,198.454545454545,2.54,NA,2.61090909090909,15.9909090909091,13.24,NA,1008.40790816327,NA
"167",6.62,5.70545454545455,182.109090909091,2.39818181818182,NA,2.59454545454545,15.5818181818182,13.08,NA,1008.39795918367,NA
"168",6.87636363636364,6.05454545454545,182.090909090909,2.49090909090909,NA,3.7,15.7927272727273,13.5836363636364,NA,1007.62525510204,NA
"169",6.21818181818182,5.37818181818182,194.327272727273,2.27272727272727,NA,2.42909090909091,15.5927272727273,13.1963636363636,NA,1008.0362244898,NA
"170",6.40909090909091,5.74727272727273,183.709090909091,2.30727272727273,NA,2.56363636363636,15.5163636363636,13.1218181818182,NA,1009.0487244898,NA
"171",6.47636363636364,5.47090909090909,191.6,2.4,NA,2.12181818181818,16.06,13.1581818181818,NA,1009.45994897959,NA
"172",6.34363636363636,5.28545454545455,185.181818181818,2.30727272727273,NA,3.41818181818182,16.5090909090909,13.4690909090909,NA,1008.52012877347,NA
"173",6.06181818181818,5.10727272727273,179.927272727273,2.29454545454545,NA,2.22727272727273,16.4981818181818,13.6563636363636,NA,1008.29759475306,NA
"174",6.20909090909091,5.29454545454545,188.090909090909,2.28,NA,4.87272727272727,16.5036363636364,13.9272727272727,NA,1007.80408163265,NA
"175",6.52727272727273,5.40363636363636,190.581818181818,2.18181818181818,NA,2.93090909090909,16.4145454545455,13.9090909090909,NA,1007.85943877551,NA
"176",6.17454545454545,5.19818181818182,184.109090909091,2.14545454545455,NA,1.68181818181818,17.0363636363636,14.1836363636364,NA,1008.3443877551,NA
"177",6.00727272727273,4.70545454545455,180.490909090909,2.23454545454545,NA,1.67454545454545,17.1254545454545,14.3454545454545,NA,1009.0568877551,NA
"178",6.10181818181818,4.98545454545455,185.163636363636,1.98363636363636,NA,1.75636363636364,17.3472727272727,14.5545454545455,NA,1010.09183673469,NA
"179",5.40909090909091,4.32,186.927272727273,2.12,NA,1.30545454545455,17.5509090909091,14.5709090909091,NA,1009.83560495714,NA
"180",6.00181818181818,4.80181818181818,181.090909090909,2.26,NA,2.36909090909091,17.6036363636364,14.5309090909091,NA,1008.61836734694,NA
"181",6.39272727272727,5.52545454545455,204.363636363636,2.51272727272727,NA,4.85090909090909,17.2363636363636,14.5818181818182,NA,1007.22755102041,NA
"182",5.96181818181818,5.28363636363636,205.181818181818,2.40181818181818,NA,2.35636363636364,17.2545454545455,14.4945454545455,NA,1007.80547862653,NA
"183",6.35272727272727,5.3,189.454545454545,2.16909090909091,NA,3.39090909090909,17.1054545454545,14.6909090909091,NA,1008.50357142857,NA
"184",6.65818181818182,5.38181818181818,184.381818181818,2.2,NA,4.19454545454545,17.4345454545455,15.1818181818182,NA,1008.74897959184,NA
"185",6.02909090909091,5.17454545454545,187.563636363636,2.28,NA,1.50363636363636,17.5763636363636,14.9563636363636,NA,1008.59200679592,NA
"186",6.34727272727273,5.43454545454545,178.363636363636,2.16909090909091,NA,3.67636363636364,17.3818181818182,15.0309090909091,NA,1008.72456268163,NA
"187",6.56909090909091,5.49818181818182,192,2.21818181818182,NA,4.43090909090909,17.4145454545455,15.2654545454545,NA,1008.71335034694,NA
"188",6.69272727272727,5.78181818181818,181.909090909091,2.53090909090909,NA,4.29272727272727,17.5163636363636,15.3290909090909,NA,1008.57551020408,NA
"189",6.30545454545455,5.18363636363636,177.581818181818,2.21636363636364,NA,3.68,17.7727272727273,15.2472727272727,NA,1008.38707481633,NA
"190",6.00363636363636,4.83636363636364,184.636363636364,2.35454545454545,NA,1.87090909090909,17.8872727272727,15.1927272727273,NA,1008.86947279592,NA
"191",5.69818181818182,4.65090909090909,173.909090909091,2.36909090909091,NA,3.76181818181818,17.5054545454545,14.9472727272727,NA,1009.65732507347,NA
"192",5.99636363636364,5.03454545454545,161.690909090909,2.22181818181818,NA,2.06363636363636,17.9109090909091,15.28,NA,1009.42556973469,NA
"193",5.68,4.66181818181818,172.418181818182,2.21272727272727,NA,2.86181818181818,18.5218181818182,15.86,NA,1008.94209183673,NA
"194",5.64727272727273,4.67090909090909,180.527272727273,2.23818181818182,NA,3.22545454545455,18.7418181818182,16.0109090909091,NA,1008.92704081633,NA
"195",5.99272727272727,4.94363636363636,175.163636363636,1.99272727272727,NA,2.23818181818182,18.9763636363636,16.2945454545455,NA,1008.95800533878,NA
"196",5.90545454545455,4.77818181818182,165.963636363636,2.16,NA,3.15636363636364,18.8581818181818,16.1509090909091,NA,1008.82534014286,NA
"197",5.82181818181818,4.74363636363636,182.909090909091,2.38909090909091,NA,3.24727272727273,18.4090909090909,15.7636363636364,NA,1009.25025510204,NA
"198",6.09818181818182,5.09636363636364,186.818181818182,2.08363636363636,NA,2.56,17.98,15.6563636363636,NA,1010.30816326531,NA
"199",5.74363636363636,4.75454545454545,179.690909090909,2.00363636363636,NA,1.66909090909091,17.9727272727273,15.3654545454545,NA,1010.47295918367,NA
"200",6.12181818181818,5.26545454545455,182.054545454545,2.17454545454545,NA,2.44363636363636,18.0036363636364,15.4654545454545,NA,1010.02959183673,NA
"201",5.90545454545455,5.23272727272727,192.036363636364,2.00545454545455,NA,3.37818181818182,17.8636363636364,15.6945454545455,NA,1009.07448979592,NA
"202",6.33636363636364,5.50727272727273,174.072727272727,2.06363636363636,NA,2.86363636363636,17.92,15.7709090909091,NA,1008.54542031837,NA
"203",5.74545454545455,4.99090909090909,174.218181818182,2.12909090909091,NA,2.17818181818182,18.1036363636364,15.5781818181818,NA,1008.34702381633,NA
"204",6.16545454545455,5.18545454545455,179.636363636364,1.96,NA,3.01636363636364,17.8381818181818,15.4927272727273,NA,1009.50535714286,NA
"205",6.12727272727273,5.08363636363636,172.927272727273,1.86909090909091,NA,2.83818181818182,17.8581818181818,15.5527272727273,NA,1009.99073128571,NA
"206",6.22545454545455,5.39636363636364,181.781818181818,2.12181818181818,NA,2.23272727272727,18.2563636363636,15.9145454545455,NA,1009.42451408367,NA
"207",5.86181818181818,4.62363636363636,169.272727272727,2.07818181818182,NA,1.71454545454545,18.3672727272727,15.5454545454545,NA,1009.96224489796,NA
"208",6.13636363636364,5.32545454545455,161.145454545455,1.87636363636364,NA,3.04909090909091,18.0690909090909,15.5690909090909,NA,1010.5518707551,NA
"209",5.65090909090909,4.79454545454545,168.618181818182,1.87636363636364,NA,2.32545454545455,18.2036363636364,15.5709090909091,NA,1011.29608842857,NA
"210",5.39454545454545,4.40181818181818,160.745454545455,2.09272727272727,NA,1.36363636363636,18.3309090909091,15.4636363636364,NA,1011.19744897959,NA
"211",5.34727272727273,4.36181818181818,147.6,1.84,NA,1.76363636363636,18.0145454545455,15.2436363636364,NA,1011.28946793061,NA
"212",5.16,4.24,170.672727272727,1.70181818181818,NA,2.54363636363636,17.6672727272727,15.3909090909091,NA,1011.50331632653,NA
"213",5.38727272727273,4.52181818181818,168.818181818182,1.75636363636364,NA,1.79636363636364,18.0690909090909,15.5090909090909,NA,1011.3362244898,NA
"214",5.66181818181818,4.79272727272727,184,1.96181818181818,NA,1.1,18.2472727272727,15.6945454545455,NA,1011.74054906122,NA
"215",5.97636363636364,5.06909090909091,170.6,1.96727272727273,NA,2.45818181818182,18.1836363636364,15.7072727272727,NA,1012.33154761224,NA
"216",5.76363636363636,4.85090909090909,156.545454545455,1.76909090909091,NA,3.09272727272727,17.8981818181818,15.4690909090909,NA,1012.61505102041,NA
"217",5.5,4.59454545454545,182.872727272727,2.03818181818182,NA,3.44,17.8,15.3818181818182,NA,1011.64077988367,NA
"218",5.95818181818182,5.01090909090909,164.345454545455,2.04,NA,1.81636363636364,17.8654545454545,15.6018181818182,NA,1011.16557338776,NA
"219",5.46727272727273,4.49818181818182,169.363636363636,1.98181818181818,NA,1.74727272727273,17.3563636363636,14.9363636363636,NA,1011.5262755102,NA
"220",5.52545454545455,4.53454545454545,178.836363636364,2.24909090909091,NA,1.46363636363636,17.3581818181818,14.7581818181818,NA,1011.49940477551,NA
"221",5.7,4.96545454545455,165.272727272727,2.28,NA,1.87454545454545,17.34,14.7763636363636,NA,1011.15739795918,NA
"222",5.38727272727273,4.68,179.490909090909,1.98909090909091,NA,2.77454545454545,17.0654545454545,14.6818181818182,NA,1011.25935373469,NA
"223",5.98363636363636,5.00909090909091,176.890909090909,1.84545454545455,NA,2.62363636363636,16.8509090909091,14.8836363636364,NA,1010.51590136735,NA
"224",5.83636363636364,4.79454545454545,172.127272727273,2.02545454545455,NA,3.10545454545455,16.7818181818182,14.7236363636364,NA,1009.4812074898,NA
"225",6.42727272727273,5.61090909090909,185.981818181818,2.08545454545455,NA,2.57818181818182,16.3418181818182,14.7872727272727,NA,1008.66047618367,NA
"226",6.22,5.38727272727273,192.072727272727,2.22909090909091,NA,2.19090909090909,16.0672727272727,14.4563636363636,NA,1009.06045917755,NA
"227",6.18363636363636,5.52909090909091,187.490909090909,2.37636363636364,NA,3.25636363636364,15.8290909090909,14.1454545454545,NA,1009.82219387755,NA
"228",5.80727272727273,5.08,180.890909090909,2.13272727272727,NA,0.810909090909091,15.7509090909091,13.6872727272727,NA,1011.105017,NA
"229",5.75818181818182,4.93636363636364,172.545454545455,2.07272727272727,NA,1.24545454545455,16.1509090909091,14.4527272727273,NA,1011.7731414,NA
"230",5.96363636363636,5.23636363636364,186.654545454545,2.03454545454545,NA,2.23818181818182,16.2563636363636,14.5454545454545,NA,1012.75533285714,NA
"231",5.89454545454545,4.86,182.8,1.97818181818182,NA,2.03454545454545,15.8909090909091,14.08,NA,1012.70425170816,NA
"232",6.32363636363636,5.43636363636364,178.527272727273,2.30727272727273,NA,3.37818181818182,15.7109090909091,14.0236363636364,NA,1012.24115646327,NA
"233",5.8,4.89818181818182,174.109090909091,2.04363636363636,NA,2.91090909090909,15.6854545454545,13.7927272727273,NA,1011.517104,NA
"234",5.78,5.00909090909091,175,2.12727272727273,NA,1.51454545454545,15.34,13.7327272727273,NA,1010.90348640816,NA
"235",5.55818181818182,4.67090909090909,183.345454545455,2.16181818181818,NA,2.04909090909091,15.4254545454545,13.5181818181818,NA,1011.06079932653,NA
"236",5.47818181818182,4.87454545454545,185.945454545455,2.23636363636364,NA,2.41454545454545,15.3327272727273,13.4218181818182,NA,1011.4887755102,NA
"237",6.02363636363636,5.45636363636364,187.236363636364,2.22,NA,3.3,14.72,13.3836363636364,NA,1011.05195577551,NA
"238",6.15454545454545,5.42727272727273,173.418181818182,2.18,NA,3.01272727272727,14.4963636363636,13.1436363636364,NA,1010.27304422449,NA
"239",6.61272727272727,5.96545454545455,195.6,2.36909090909091,NA,3.32727272727273,14.0109090909091,12.9509090909091,NA,1010.43460883673,NA
"240",6.35090909090909,5.44909090909091,163.672727272727,2.09818181818182,NA,1.73818181818182,13.8945454545455,12.8090909090909,NA,1011.7640549,NA
"241",6.49636363636364,5.94363636363636,188.490909090909,2.54,NA,3.61454545454545,14.1909090909091,12.9618181818182,NA,1011.48356413878,NA
"242",6.26,5.72363636363636,192.472727272727,2.56363636363636,NA,2.88181818181818,14.2854545454545,13.1036363636364,NA,1011.80483478367,NA
"243",6.17454545454545,5.3,177.890909090909,2.58545454545455,NA,3.00727272727273,13.8236363636364,12.6454545454545,NA,1012.19863944898,NA
"244",5.89636363636364,5.27636363636364,174.054545454545,2.27818181818182,NA,1.76909090909091,13.4454545454545,12.36,NA,1013.3187925102,NA
"245",5.89636363636364,5.23272727272727,170.618181818182,2.44,NA,1.79090909090909,13.4218181818182,12.2527272727273,NA,1014.04087707959,NA
"246",6.20727272727273,5.53090909090909,173.218181818182,2.18363636363636,NA,2.52545454545455,12.9181818181818,12.0145454545455,NA,1013.917517,NA
"247",6.14,5.55272727272727,178.872727272727,2.10545454545455,NA,3.08727272727273,13.2054545454545,12.2127272727273,NA,1012.76192906327,NA
"248",6.26,5.62363636363636,178.527272727273,2.27818181818182,NA,1.87454545454545,13.4909090909091,12.5545454545455,NA,1011.36426142653,NA
"249",5.91818181818182,5.05454545454545,182.090909090909,2.09636363636364,NA,1.94,13.0763636363636,12.1963636363636,NA,1011.33923710816,NA
"250",5.92727272727273,5.30545454545455,168.145454545455,2.23818181818182,NA,1.73818181818182,12.8381818181818,12.1127272727273,NA,1010.89181244694,NA
"251",7.23090909090909,6.71818181818182,174.527272727273,2.68181818181818,NA,3.68,12.2218181818182,12.0109090909091,NA,1010.24005102041,NA
"252",6.84,6.22363636363636,189.218181818182,2.55454545454545,NA,2.60909090909091,12.1327272727273,11.7218181818182,NA,1011.28979591837,NA
"253",6.62,5.93818181818182,201.527272727273,2.41272727272727,NA,1.33454545454545,11.7745454545455,11.3836363636364,NA,1012.38724489796,NA
"254",6.69272727272727,5.91636363636364,188.163636363636,2.36,NA,2.19090909090909,10.9872727272727,10.9436363636364,NA,1013.27270408163,NA
"255",7.07818181818182,6.51818181818182,184.636363636364,2.38,NA,1.18727272727273,11.3581818181818,10.9927272727273,NA,1012.98537414286,NA
"256",7.26909090909091,6.54909090909091,185.072727272727,2.57636363636364,NA,2.58363636363636,11.2272727272727,11.08,NA,1011.86760204082,NA
"257",6.85636363636364,6.13454545454545,196.854545454545,2.67454545454545,NA,1.27636363636364,10.8818181818182,10.7563636363636,NA,1011.96802720408,NA
"258",6.58363636363636,5.84363636363636,178.072727272727,2.67818181818182,NA,2.41818181818182,10.4309090909091,10.3581818181818,NA,1012.13554422449,NA
"259",6.80363636363636,6.01818181818182,180.890909090909,2.44181818181818,NA,2.25454545454545,10.6945454545455,10.6090909090909,NA,1011.58798591837,NA
"260",6.88363636363636,6.39090909090909,188.745454545455,2.54909090909091,NA,3.45818181818182,10.7709090909091,10.82,NA,1012.16203839388,NA
"261",6.32727272727273,5.67090909090909,185.618181818182,2.21272727272727,NA,1.64909090909091,10.24,10.4490909090909,NA,1013.50918367347,NA
"262",6.13818181818182,5.32363636363636,202.363636363636,2.65454545454545,NA,1.87818181818182,9.84727272727273,9.96545454545454,NA,1013.89039116327,NA
"263",6.06727272727273,5.10363636363636,196.563636363636,2.70363636363636,NA,0.627272727272727,9.69454545454546,9.63272727272727,NA,1014.30357142857,NA
"264",5.85090909090909,5.06909090909091,185.909090909091,2.44363636363636,NA,1.24909090909091,9.46363636363636,9.51818181818182,NA,1014.2312925102,NA
"265",6.08181818181818,5.42545454545455,190.436363636364,2.46,NA,2.19272727272727,9.76,9.83272727272727,NA,1013.20647472449,NA
"266",6.28181818181818,5.63636363636364,182.509090909091,2.51454545454545,NA,1.44727272727273,9.34545454545455,9.58181818181818,NA,1012.87193877551,NA
"267",6.26363636363636,5.54909090909091,187.745454545455,2.33818181818182,NA,2.6,9.08363636363636,9.72545454545454,NA,1013.1181122449,NA
"268",6.14727272727273,5.49636363636364,182.836363636364,2.46181818181818,NA,1.78363636363636,8.97636363636364,9.46909090909091,NA,1014.03571428571,NA
"269",6.44727272727273,5.45090909090909,179.781818181818,2.42,NA,1.27818181818182,8.49272727272727,9.18363636363636,NA,1014.59243197959,NA
"270",6.79454545454545,5.94727272727273,172.109090909091,2.35272727272727,NA,1.41454545454545,8.69272727272727,9.42181818181818,NA,1013.74566326531,NA
"271",7.34909090909091,6.84727272727273,195.545454545455,2.65818181818182,NA,2.62363636363636,8.49636363636364,9.59818181818182,NA,1012.47261904082,NA
"272",7.06363636363636,6.34545454545455,195.909090909091,3.08545454545455,NA,1.88727272727273,7.80181818181818,8.88545454545454,NA,1013.84030612245,NA
"273",6.59636363636364,6.06,198.127272727273,2.99454545454545,NA,2.26181818181818,7.45454545454545,8.54,NA,1013.8880952449,NA
"274",7,6.21454545454545,195.018181818182,2.92181818181818,NA,1.34363636363636,7.12545454545455,8.47454545454545,NA,1014.75268463265,NA
"275",6.98363636363636,6.41090909090909,190.690909090909,2.98363636363636,NA,2.13272727272727,7.30727272727273,8.46727272727273,NA,1014.64668367959,NA
"276",6.52909090909091,5.91090909090909,202.218181818182,2.87090909090909,NA,1.02727272727273,7.17090909090909,8.29818181818182,NA,1015.38232507347,NA
"277",6.99090909090909,6.05272727272727,201.981818181818,2.49454545454545,NA,1.20909090909091,7.36363636363636,8.69818181818182,NA,1015.62759961224,NA
"278",7.38,7.02545454545455,194.636363636364,2.64181818181818,NA,1.01818181818182,7.47818181818182,8.88,NA,1015.57448979592,NA
"279",7.03272727272727,6.51636363636364,173.909090909091,2.55272727272727,NA,1.54363636363636,6.76181818181818,8.54181818181818,NA,1016.3830660898,NA
"280",6.81272727272727,6.21272727272727,189.963636363636,2.96,NA,1.96,6.79454545454545,8.34909090909091,NA,1016.45765306122,NA
"281",6.75090909090909,6.05818181818182,186.436363636364,2.85272727272727,NA,1.85636363636364,6.70545454545455,8.34727272727273,NA,1016.36658163265,NA
"282",7.33818181818182,6.62909090909091,184.145454545455,2.96909090909091,NA,2.06,7.01454545454545,8.53272727272727,NA,1013.88826530612,NA
"283",7.46545454545455,7.01272727272727,194.981818181818,3.13636363636364,NA,2.79454545454545,6.91636363636364,8.54363636363636,NA,1012.81454081633,NA
"284",7.07818181818182,6.59090909090909,208.163636363636,3.25818181818182,NA,1.86181818181818,6.38,8.17636363636364,NA,1013.53516763878,NA
"285",7.17454545454545,6.75636363636364,219.163636363636,3.36727272727273,NA,1.51090909090909,6.09454545454545,8.04363636363636,NA,1014.2018464551,NA
"286",7.46909090909091,7.06,199.345454545455,2.92545454545455,NA,1.56909090909091,5.75272727272727,7.87454545454545,NA,1012.63256802653,NA
"287",7.34,6.89090909090909,207.618181818182,3.54545454545455,NA,2.20545454545455,5.39272727272727,7.51090909090909,NA,1015.34446064082,NA
"288",7.27454545454545,6.7,197.636363636364,3.15090909090909,NA,2.20363636363636,5.26545454545455,7.65090909090909,NA,1014.84744897959,NA
"289",7.45090909090909,7.05454545454545,179.872727272727,2.91636363636364,NA,1.85636363636364,4.45272727272727,7.26363636363636,NA,1015.27168367347,NA
"290",7.59454545454545,7.19272727272727,188,2.82909090909091,NA,1.44545454545455,4.33090909090909,7.20181818181818,NA,1015.80510204082,NA
"291",7.60545454545455,7.24,195.981818181818,2.91272727272727,NA,1.29454545454545,4.37272727272727,7.27818181818182,NA,1015.32610544898,NA
"292",7.47090909090909,7.14363636363636,200.690909090909,3.22363636363636,NA,3.01090909090909,3.81818181818182,7.01818181818182,NA,1014.29710883673,NA
"293",7.55272727272727,7.06363636363636,197.454545454545,3.45636363636364,NA,2.37636363636364,3.60363636363636,6.89636363636364,NA,1014.56198979592,NA
"294",7.67090909090909,7.21454545454545,216.818181818182,3.19090909090909,NA,1.74363636363636,3.68181818181818,6.98181818181818,NA,1012.1515670551,NA
"295",7.58181818181818,7.09636363636364,220.163636363636,3.22545454545455,NA,1.33090909090909,3.33454545454545,6.61818181818182,NA,1015.80585883673,NA
"296",7.50727272727273,7.16181818181818,204.490909090909,3.24545454545455,NA,1.49636363636364,3.20909090909091,6.81636363636364,NA,1014.87651845714,NA
"297",8.49090909090909,8.30727272727273,215.327272727273,3.42909090909091,NA,2.73272727272727,3.38181818181818,7.08363636363636,NA,1014.19899174082,NA
"298",8.29818181818182,7.96181818181818,220.727272727273,3.51636363636364,NA,1.47636363636364,3.13454545454545,6.82181818181818,NA,1013.34552962653,NA
"299",8.11090909090909,7.79272727272727,212.6,3.29272727272727,NA,1.34363636363636,2.93636363636364,6.59272727272727,NA,1013.37604469592,NA
"300",7.55636363636364,7.17636363636364,221.8,3.54909090909091,NA,2.04727272727273,2.97272727272727,6.75636363636364,NA,1013.67159863265,NA
"301",7.77454545454545,7.52727272727273,212.818181818182,3.48363636363636,NA,1.18363636363636,2.46363636363636,6.44,NA,1014.64362244898,NA
"302",7.98181818181818,7.61090909090909,214.6,3.47454545454545,NA,2.09818181818182,2.07636363636364,6.24181818181818,NA,1014.55756802041,NA
"303",7.57090909090909,7.23454545454545,211,3.41272727272727,NA,1.6,1.36181818181818,5.94727272727273,NA,1014.83579932653,NA
"304",8.38909090909091,8.14545454545455,217.218181818182,3.66,NA,2.25090909090909,1.39636363636364,6.14545454545455,NA,1013.1244047551,NA
"305",8.09818181818182,7.69636363636364,217.581818181818,3.43272727272727,NA,2.28181818181818,1.34727272727273,6.16,NA,1013.79719387755,NA
"306",8.12363636363636,7.71090909090909,204.963636363636,3.63818181818182,NA,2.28545454545455,1.61090909090909,6.33454545454545,NA,1012.45076530612,NA
"307",8.27272727272727,8.01454545454546,208.309090909091,3.70727272727273,NA,2.22,1.58181818181818,6.19818181818182,NA,1012.50799319796,NA
"308",7.90181818181818,7.67454545454545,215.963636363636,3.48727272727273,NA,1.24181818181818,0.872727272727273,6.00545454545455,NA,1014.47937317755,NA
"309",8.07272727272727,7.66909090909091,192.290909090909,3.26,NA,1.48727272727273,0.314545454545455,5.7,NA,1012.66819728571,NA
"310",8.17272727272727,7.86363636363636,192.672727272727,3.52181818181818,NA,0.947272727272727,0.294545454545454,5.63454545454545,NA,1015.7047254551,NA
"311",8.07272727272727,7.72181818181818,202.054545454545,3.41636363636364,NA,2.66727272727273,0.1,5.65636363636364,NA,1015.3393707551,NA
"312",8.6,8.34727272727273,207,3.30545454545455,NA,1.43454545454545,0.150909090909091,5.61090909090909,NA,1014.68886053061,NA
"313",8.17636363636364,7.92,200.636363636364,3.01454545454545,NA,1.64181818181818,0.0836363636363636,5.62181818181818,NA,1015.02193877551,NA
"314",8.31090909090909,8.03272727272727,200.581818181818,3.43090909090909,NA,1.70545454545455,-0.138181818181818,5.54909090909091,NA,1015.88724489796,NA
"315",8.10181818181818,7.87272727272727,205.490909090909,3.06909090909091,NA,1.19454545454545,-0.763636363636364,5.28181818181818,NA,1016.60195577551,NA
"316",7.65090909090909,7.31636363636364,191,3.30181818181818,NA,0.932727272727273,-1.30909090909091,5.07454545454545,NA,1016.92730807347,NA
"317",8.25636363636364,8.03272727272727,197.381818181818,3.50727272727273,NA,1.77454545454545,-1.33090909090909,5.14909090909091,NA,1015.57585033265,NA
"318",8.51090909090909,8.30181818181818,205.854545454545,3.41454545454545,NA,1.17272727272727,-0.829090909090909,5.37272727272727,NA,1014.5388605449,NA
"319",8.56545454545455,8.36909090909091,185.454545454545,3.34363636363636,NA,1.49454545454545,-0.921818181818182,5.36909090909091,NA,1013.42993197959,NA
"320",8.31454545454545,8.08545454545455,182.872727272727,3.64363636363636,NA,1.32,-0.803636363636364,5.45818181818182,NA,1012.64285714286,NA
"321",8.57272727272727,8.26545454545455,180.236363636364,3.32181818181818,NA,1.94363636363636,-0.778181818181818,5.56727272727273,NA,1012.65289116327,NA
"322",8.53090909090909,8.28909090909091,179.945454545455,3.42,NA,2.29272727272727,-1.24727272727273,5.16909090909091,NA,1012.95297620408,NA
"323",8.37454545454545,8.13454545454545,171.072727272727,3.08181818181818,NA,1.60181818181818,-1.85818181818182,5.05272727272727,NA,1008.47585034694,NA
"324",8.57818181818182,8.39272727272727,182.018181818182,3.51272727272727,NA,1.56727272727273,-1.38363636363636,5.27636363636364,NA,1006.61768707551,NA
"325",8.51636363636364,8.10727272727273,172.818181818182,3.31454545454545,NA,2.15818181818182,-2.09636363636364,5.03090909090909,NA,1012.89838435306,NA
"326",8.02545454545455,7.72727272727273,187.327272727273,3.24181818181818,NA,1.14909090909091,-3.07818181818182,4.58181818181818,NA,1014.78562925102,NA
"327",8.26727272727273,8.21090909090909,168.218181818182,3.17454545454545,NA,1.83818181818182,-3.37090909090909,4.49090909090909,NA,1015.52015306735,NA
"328",8.36181818181818,8.13454545454545,185.781818181818,2.97090909090909,NA,1.60363636363636,-3.44,4.61090909090909,NA,1016.98767006122,NA
"329",8.21636363636364,8.05090909090909,192.2,3.19636363636364,NA,1.46363636363636,-3.31818181818182,4.67636363636364,NA,1015.86284014286,NA
"330",8.42909090909091,8.18545454545455,182.327272727273,3.16,NA,2.29818181818182,-3.43272727272727,4.71454545454545,NA,1014.01011906122,NA
"331",8.55636363636364,8.22,201.781818181818,3.45818181818182,NA,1.53636363636364,-3.17636363636364,4.64181818181818,NA,1014.00076530612,NA
"332",8.56909090909091,8.25454545454545,192.218181818182,3.14545454545455,NA,1.35636363636364,-3.34,4.61636363636364,NA,1013.99073130612,NA
"333",8.3,7.82909090909091,188.072727272727,3.27090909090909,NA,1.52727272727273,-4.45454545454546,4.26363636363636,NA,1016.09328230612,NA
"334",8.33272727272727,7.88181818181818,189.018181818182,3.16181818181818,NA,1.99454545454545,-4.56181818181818,4.23818181818182,NA,1015.75232020612,NA
"335",8.54909090909091,8.45272727272727,185,2.95636363636364,NA,1.42545454545455,-4.5,4.29636363636364,NA,1016.98367346939,NA
"336",8.19454545454546,7.52,207.509090909091,3.61272727272727,NA,0.947272727272727,-4.31818181818182,4.26363636363636,NA,1017.63005346939,NA
"337",8.59272727272727,7.99272727272727,209.909090909091,4.05272727272727,NA,0.92,-3.91454545454545,4.27454545454545,NA,1017.07116130612,NA
"338",8.93818181818182,8.80727272727273,196.818181818182,3.85818181818182,NA,1.57818181818182,-3.30727272727273,4.49818181818182,NA,1013.03287171429,NA
"339",8.62363636363636,8.45454545454546,195.545454545455,3.64909090909091,NA,1.60727272727273,-3.67454545454545,4.39636363636364,NA,1011.68282312857,NA
"340",8.71090909090909,8.38545454545454,193.909090909091,3.15636363636364,NA,1.68181818181818,-3.94909090909091,4.41818181818182,NA,1011.17074830612,NA
"341",8.83636363636364,8.54181818181818,190.909090909091,3.65454545454545,NA,1.66363636363636,-3.27272727272727,4.54181818181818,NA,1010.20932944694,NA
"342",8.63818181818182,8.47818181818182,210.6,3.36181818181818,NA,1.23636363636364,-4.24363636363636,4.24727272727273,NA,1013.05918365306,NA
"343",8.4,7.94,184.8,2.91090909090909,NA,1.46181818181818,-5.44181818181818,3.86,NA,1015.24668367347,NA
"344",8.86363636363636,8.58727272727273,192.709090909091,3.34363636363636,NA,1.40909090909091,-5.33818181818182,3.93272727272727,NA,1015.09991495918,NA
"345",8.99272727272727,8.76181818181818,203.254545454545,3.44727272727273,NA,2.16,-4.96545454545455,4.06909090909091,NA,1012.24039116327,NA
"346",8.79090909090909,8.54727272727273,195.636363636364,3.21272727272727,NA,1.73636363636364,-5.24181818181818,3.97272727272727,NA,1011.87543731837,NA
"347",8.42,8.24909090909091,187.581818181818,3.36727272727273,NA,1.22545454545455,-6.00363636363636,3.81818181818182,NA,1012.46037414286,NA
"348",8.74,8.45272727272727,192.672727272727,3.62727272727273,NA,2.25090909090909,-5.80727272727273,3.78,NA,1011.17814626531,NA
"349",8.28,8.03818181818182,189.963636363636,3.61272727272727,NA,1.78727272727273,-6.86,3.65818181818182,NA,1011.51581632653,NA
"350",8.02363636363636,7.64909090909091,194.272727272727,3.33272727272727,NA,1.35454545454545,-7.03090909090909,3.59818181818182,NA,1012.01207481633,NA
"351",7.97272727272727,7.71454545454545,188.236363636364,3.24909090909091,NA,1.23272727272727,-7.34727272727273,3.47454545454545,NA,1011.89778912245,NA
"352",7.92181818181818,7.64,198.436363636364,3.40727272727273,NA,1.45272727272727,-7.17090909090909,3.53272727272727,NA,1012.24090136735,NA
"353",7.85636363636364,7.61090909090909,201.072727272727,3.67818181818182,NA,1.39272727272727,-6.99818181818182,3.54727272727273,NA,1012.452466,NA
"354",7.99636363636364,7.76363636363636,193.363636363636,3.59636363636364,NA,1.63090909090909,-6.84181818181818,3.64181818181818,NA,1011.18559280204,NA
"355",8.15454545454545,7.68363636363636,199.872727272727,3.29636363636364,NA,1.82727272727273,-6.68727272727273,3.55272727272727,NA,1011.68460885714,NA
"356",8.24,7.99818181818182,212.6,3.43636363636364,NA,1.81090909090909,-7.38363636363636,3.52,NA,1012.6165573449,NA
"357",8.04,7.66181818181818,218.036363636364,3.26545454545455,NA,0.949090909090909,-7.21272727272727,3.50363636363636,NA,1014.7065962102,NA
"358",8.17272727272727,7.83636363636364,195.6,3.30545454545455,NA,1.32545454545455,-7.18363636363636,3.51636363636364,NA,1015.27261906122,NA
"359",8.52545454545455,8.26,192.272727272727,3.13636363636364,NA,1.63090909090909,-7.09090909090909,3.53818181818182,NA,1013.64336734694,NA
"360",8.63090909090909,8.45818181818182,191.345454545455,3.47090909090909,NA,1.49090909090909,-6.69818181818182,3.53818181818182,NA,1012.8887876449,NA
"361",8.43272727272727,8.10545454545455,198.036363636364,3.38909090909091,NA,0.945454545454545,-6.13090909090909,3.73818181818182,NA,1012.1687925102,NA
"362",8.17454545454545,8.07272727272727,180.472727272727,3.06363636363636,NA,1.53090909090909,-6.69272727272727,3.65454545454545,NA,1012.38767006122,NA
"363",7.93818181818182,7.46545454545455,183.381818181818,3.04727272727273,NA,1.64545454545455,-7.32545454545455,3.45636363636364,NA,1013.83681973469,NA
"364",8.19636363636364,7.79818181818182,201.072727272727,3.34363636363636,NA,1.99818181818182,-7.04727272727273,3.52181818181818,NA,1012.67695577551,NA
"365",8.10545454545455,7.68363636363636,214.727272727273,3.77454545454545,NA,1.45090909090909,-6.62727272727273,3.62363636363636,NA,1012.05408163265,NA
"366",8.1,6.54615384615385,191.615384615385,3.15384615384615,NA,1.32307692307692,-7.49230769230769,3.20769230769231,NA,1019.54659090909,NA
